{
  "metrics": {
    "Variant": "0.50% stop, ATR\u00d73.0",
    "Capital_Risked": "5.0%",
    "Trades": 1240,
    "Win_rate_pct": 28.0,
    "Win_Loss_ratio": 3.0,
    "Cum_return_pct": 1505.0,
    "Max_DD_pct": 11.0,
    "Max_consec_losses": 25,
    "Max_consec_wins": 7,
    "Win_rate_30d_pct": 36.0,
    "Trades_30d": 25,
    "PnL_30d": 40812.0,
    "Win_rate_7d_pct": 50.0,
    "Trades_7d": 6,
    "PnL_7d": 50434.0,
    "Win_rate_3m_pct": 34.0,
    "Trades_3m": 32,
    "PnL_3m": 38615.0
  },
  "live_position": null,
  "equity_curve": [
    1237679.205643043,
    1232679.205643043,
    1227679.205643043,
    1222679.205643043,
    1217679.205643043,
    1212679.205643043,
    1207679.205643043,
    1203156.57737586,
    1207601.6937955758,
    1204812.8551157254,
    1200091.7291942125,
    1195091.7291942125,
    1192173.9421354563,
    1182777.4301444958,
    1177777.4301444958,
    1172777.4301444958,
    1167777.4301444958,
    1181351.4161335744,
    1176351.4161335744,
    1178583.3382705692,
    1173583.3382705692,
    1171012.866921216,
    1184870.932402602,
    1179870.932402602,
    1174870.932402602,
    1185755.1160310411,
    1180755.1160310411,
    1189892.4200679571,
    1205727.9839951245,
    1200727.9839951245,
    1195727.9839951245,
    1195629.8485682353,
    1190629.8485682353,
    1185629.8485682353,
    1180629.8485682353,
    1175629.8485682353,
    1170629.8485682353,
    1165629.8485682353,
    1174789.6716888924,
    1169789.6716888924,
    1182761.7677004298,
    1177761.7677004298,
    1178972.843235045,
    1200435.8919993055,
    1195435.8919993055,
    1190435.8919993055,
    1196017.8606557592,
    1191017.8606557592,
    1186017.8606557592,
    1181017.8606557592,
    1206878.9859567885,
    1201878.9859567885,
    1220913.7422986352,
    1241116.1537103597,
    1232722.724566318,
    1227722.724566318,
    1222722.724566318,
    1217722.724566318,
    1212722.724566318,
    1221692.9836005364,
    1216692.9836005364,
    1211692.9836005364,
    1206692.9836005364,
    1201692.9836005364,
    1196692.9836005364,
    1191692.9836005364,
    1186692.9836005364,
    1193194.50363184,
    1188194.50363184,
    1199229.9982779862,
    1222730.6110653924,
    1241092.1069539045,
    1236092.1069539045,
    1231092.1069539045,
    1226092.1069539045,
    1237534.3714439452,
    1232534.3714439452,
    1227534.3714439452,
    1222534.3714439452,
    1217534.3714439452,
    1250856.047526716,
    1245856.047526716,
    1297875.7960606313,
    1292875.7960606313,
    1287875.7960606313,
    1282875.7960606313,
    1277875.7960606313,
    1275622.6177635079,
    1270622.6177635079,
    1265622.6177635079,
    1260622.6177635079,
    1255622.6177635079,
    1250622.6177635079,
    1252410.560954143,
    1247410.560954143,
    1265646.877721723,
    1260646.877721723,
    1255646.877721723,
    1250646.877721723,
    1245646.877721723,
    1240646.877721723,
    1240630.4425175155,
    1241784.4926095277,
    1236784.4926095277,
    1248502.8060664304,
    1243502.8060664304,
    1238502.8060664304,
    1260950.7218573198,
    1255950.7218573198,
    1250950.7218573198,
    1245950.7218573198,
    1249293.0139116235,
    1244293.0139116235,
    1239293.0139116235,
    1234293.0139116235,
    1229293.0139116235,
    1224293.0139116235,
    1219293.0139116235,
    1223944.3477229595,
    1218636.6651694751,
    1218074.3441896308,
    1213074.3441896308,
    1226583.2282802933,
    1242755.4591269474,
    1237755.4591269474,
    1263427.0196652168,
    1258427.0196652168,
    1283332.8511384313,
    1278332.8511384313,
    1272066.5492108276,
    1267066.5492108276,
    1262066.5492108276,
    1257066.5492108276,
    1254220.6820074816,
    1249220.6820074816,
    1260940.2450500694,
    1255940.2450500694,
    1269383.2841862892,
    1264383.2841862892,
    1259383.2841862892,
    1254383.2841862892,
    1249383.2841862892,
    1244383.2841862892,
    1240088.9952652294,
    1235088.9952652294,
    1230088.9952652294,
    1225088.9952652294,
    1236957.3142201626,
    1266325.4542379612,
    1261325.4542379612,
    1256325.4542379612,
    1257277.0422003735,
    1252277.0422003735,
    1247277.0422003735,
    1242277.0422003735,
    1247201.7495619878,
    1242201.7495619878,
    1237201.7495619878,
    1248727.2391680458,
    1243727.2391680458,
    1238727.2391680458,
    1233727.2391680458,
    1228258.8222159531,
    1245571.6904781193,
    1240571.6904781193,
    1251138.058768065,
    1246138.058768065,
    1241138.058768065,
    1239777.9429063434,
    1234777.9429063434,
    1229777.9429063434,
    1237113.2649269802,
    1232113.2649269802,
    1227113.2649269802,
    1222113.2649269802,
    1223678.8751794908,
    1218678.8751794908,
    1213678.8751794908,
    1208678.8751794908,
    1203678.8751794908,
    1225706.077415927,
    1220706.077415927,
    1215706.077415927,
    1217499.4930186428,
    1212499.4930186428,
    1207499.4930186428,
    1202499.4930186428,
    1214223.7306849514,
    1209223.7306849514,
    1204223.7306849514,
    1199223.7306849514,
    1196505.7734224861,
    1195126.7244399295,
    1190126.7244399295,
    1185126.7244399295,
    1209153.129697192,
    1204153.129697192,
    1199153.129697192,
    1194153.129697192,
    1184084.4936496606,
    1179084.4936496606,
    1197114.4959008526,
    1192114.4959008526,
    1199821.9457828414,
    1214037.133204232,
    1232174.9587249777,
    1247664.554002907,
    1254564.396537621,
    1249564.396537621,
    1244564.396537621,
    1241342.1451600296,
    1236342.1451600296,
    1231342.1451600296,
    1226342.1451600296,
    1221342.1451600296,
    1216342.1451600296,
    1211342.1451600296,
    1220935.718922334,
    1215935.718922334,
    1210935.718922334,
    1227493.2571521522,
    1224623.4450885812,
    1223663.6051980439,
    1222332.851479611,
    1245166.4863638259,
    1256755.4004579184,
    1269589.769547354,
    1264589.769547354,
    1259589.769547354,
    1254589.769547354,
    1273956.325139816,
    1289820.6346626207,
    1284820.6346626207,
    1294694.3452952441,
    1289694.3452952441,
    1284694.3452952441,
    1279694.3452952441,
    1314284.943286951,
    1309284.943286951,
    1330313.7726669582,
    1325313.7726669582,
    1323751.7817514206,
    1319553.1149954884,
    1314553.1149954884,
    1309553.1149954884,
    1304553.1149954884,
    1313131.383382242,
    1317613.3161917212,
    1318290.3908367476,
    1313290.3908367476,
    1349652.0607480605,
    1344652.0607480605,
    1339652.0607480605,
    1332020.8711743124,
    1359166.1492516506,
    1362010.2135648713,
    1357010.2135648713,
    1352010.2135648713,
    1347010.2135648713,
    1342010.2135648713,
    1337010.2135648713,
    1332010.2135648713,
    1327010.2135648713,
    1333468.9390846377,
    1336444.9430944114,
    1334367.138572615,
    1343241.461096325,
    1338241.461096325,
    1333241.461096325,
    1328241.461096325,
    1323241.461096325,
    1318241.461096325,
    1313241.461096325,
    1308241.461096325,
    1303241.461096325,
    1298241.461096325,
    1299743.7796351723,
    1294743.7796351723,
    1289743.7796351723,
    1284743.7796351723,
    1279743.7796351723,
    1309078.3604393345,
    1304078.3604393345,
    1299078.3604393345,
    1342219.4623821592,
    1339151.122075325,
    1334151.122075325,
    1329151.122075325,
    1324151.122075325,
    1319151.122075325,
    1314151.122075325,
    1333528.6742142069,
    1328528.6742142069,
    1323528.6742142069,
    1318528.6742142069,
    1330058.9592284397,
    1325058.9592284397,
    1320058.9592284397,
    1330757.2586909018,
    1325757.2586909018,
    1320757.2586909018,
    1315757.2586909018,
    1329547.3312343769,
    1342971.7294685857,
    1343454.2850831202,
    1360411.1451068823,
    1355411.1451068823,
    1350411.1451068823,
    1345411.1451068823,
    1340411.1451068823,
    1355953.1826917299,
    1371752.1755281016,
    1366752.1755281016,
