{
  "metrics": {
    "Variant": "0.50% stop, ATR\u00d73.0",
    "Capital_Risked": "5.0%",
    "Trades": 1240,
    "Win_rate_pct": 28.0,
    "Win_Loss_ratio": 3.0,
    "Cum_return_pct": 1489.0,
    "Max_DD_pct": 11.0,
    "Max_consec_losses": 25,
    "Max_consec_wins": 7,
    "Win_rate_30d_pct": 33.0,
    "Trades_30d": 27,
    "PnL_30d": -8158.0,
    "Win_rate_7d_pct": 43.0,
    "Trades_7d": 7,
    "PnL_7d": 813.0,
    "Win_rate_3m_pct": 33.0,
    "Trades_3m": 27,
    "PnL_3m": -8158.0
  },
  "live_position": null,
  "equity_curve": [
    1290590.0084244167,
    1285590.0084244167,
    1280590.0084244167,
    1275590.0084244167,
    1270590.0084244167,
    1265590.0084244167,
    1260590.0084244167,
    1255590.0084244167,
    1250590.0084244167,
    1245590.0084244167,
    1241067.3801572337,
    1245512.4965769495,
    1242723.6578970992,
    1238002.5319755862,
    1233002.5319755862,
    1230084.74491683,
    1220688.2329258695,
    1215688.2329258695,
    1210688.2329258695,
    1205688.2329258695,
    1200688.2329258695,
    1214262.2189149482,
    1209262.2189149482,
    1211494.141051943,
    1206494.141051943,
    1203923.6697025897,
    1217781.7351839757,
    1212781.7351839757,
    1207781.7351839757,
    1218665.9188124149,
    1213665.9188124149,
    1211688.7990683839,
    1220826.1031052999,
    1236661.6670324672,
    1231661.6670324672,
    1226661.6670324672,
    1226563.531605578,
    1221563.531605578,
    1216563.531605578,
    1211563.531605578,
    1206563.531605578,
    1201563.531605578,
    1196563.531605578,
    1205723.3547262351,
    1200723.3547262351,
    1213695.4507377725,
    1208695.4507377725,
    1209906.5262723877,
    1231369.5750366482,
    1226369.5750366482,
    1221369.5750366482,
    1226951.543693102,
    1221951.543693102,
    1216951.543693102,
    1211951.543693102,
    1237812.6689941313,
    1232812.6689941313,
    1251847.425335978,
    1272049.8367477024,
    1263656.4076036608,
    1258656.4076036608,
    1253656.4076036608,
    1248656.4076036608,
    1243656.4076036608,
    1252626.666637879,
    1247626.666637879,
    1242626.666637879,
    1237626.666637879,
    1232626.666637879,
    1227626.666637879,
    1222626.666637879,
    1217626.666637879,
    1224128.1866691827,
    1219128.1866691827,
    1230163.681315329,
    1253664.2941027351,
    1272025.7899912472,
    1267025.7899912472,
    1262025.7899912472,
    1257025.7899912472,
    1268468.054481288,
    1263468.054481288,
    1258468.054481288,
    1253468.054481288,
    1248468.054481288,
    1281789.7305640588,
    1276789.7305640588,
    1328809.479097974,
    1323809.479097974,
    1318809.479097974,
    1313809.479097974,
    1308809.479097974,
    1306556.3008008506,
    1301556.3008008506,
    1296556.3008008506,
    1291556.3008008506,
    1286556.3008008506,
    1281556.3008008506,
    1283344.2439914858,
    1278344.2439914858,
    1296580.5607590657,
    1291580.5607590657,
    1286580.5607590657,
    1281580.5607590657,
    1276580.5607590657,
    1271580.5607590657,
    1271564.1255548582,
    1272718.1756468704,
    1267718.1756468704,
    1279436.4891037731,
    1274436.4891037731,
    1269436.4891037731,
    1291884.4048946626,
    1286884.4048946626,
    1281884.4048946626,
    1276884.4048946626,
    1280226.6969489662,
    1275226.6969489662,
    1270226.6969489662,
    1265226.6969489662,
    1260226.6969489662,
    1255226.6969489662,
    1250226.6969489662,
    1254878.0307603022,
    1249570.3482068179,
    1249008.0272269736,
    1244008.0272269736,
    1257516.911317636,
    1273689.1421642902,
    1268689.1421642902,
    1294360.7027025595,
    1289360.7027025595,
    1314266.534175774,
    1309266.534175774,
    1303000.2322481703,
    1298000.2322481703,
    1293000.2322481703,
    1288000.2322481703,
    1285154.3650448243,
    1280154.3650448243,
    1291873.9280874121,
    1286873.9280874121,
    1300316.967223632,
    1295316.967223632,
    1290316.967223632,
    1285316.967223632,
    1280316.967223632,
    1275316.967223632,
    1271022.678302572,
    1266022.678302572,
    1261022.678302572,
    1256022.678302572,
    1267890.9972575053,
    1297259.137275304,
    1292259.137275304,
    1287259.137275304,
    1288210.7252377162,
    1283210.7252377162,
    1278210.7252377162,
    1273210.7252377162,
    1278135.4325993306,
    1273135.4325993306,
    1268135.4325993306,
    1279660.9222053885,
    1274660.9222053885,
    1269660.9222053885,
    1264660.9222053885,
    1259192.5052532959,
    1276505.373515462,
    1271505.373515462,
    1282071.7418054077,
    1277071.7418054077,
    1272071.7418054077,
    1270711.625943686,
    1265711.625943686,
    1260711.625943686,
    1268046.947964323,
    1263046.947964323,
    1258046.947964323,
    1253046.947964323,
    1254612.5582168335,
    1249612.5582168335,
    1244612.5582168335,
    1239612.5582168335,
    1234612.5582168335,
    1256639.7604532698,
    1251639.7604532698,
    1246639.7604532698,
    1248433.1760559855,
    1243433.1760559855,
    1238433.1760559855,
    1233433.1760559855,
    1245157.4137222941,
    1240157.4137222941,
    1235157.4137222941,
    1230157.4137222941,
    1227439.456459829,
    1226060.4074772722,
    1221060.4074772722,
    1216060.4074772722,
    1240086.8127345347,
    1235086.8127345347,
    1230086.8127345347,
    1225086.8127345347,
    1215018.1766870033,
    1210018.1766870033,
    1228048.1789381953,
    1223048.1789381953,
    1230755.6288201842,
    1244970.8162415747,
    1263108.6417623204,
    1278598.2370402496,
    1285498.0795749638,
    1280498.0795749638,
    1275498.0795749638,
    1272275.8281973724,
    1267275.8281973724,
    1262275.8281973724,
    1257275.8281973724,
    1252275.8281973724,
    1247275.8281973724,
    1242275.8281973724,
    1251869.4019596768,
    1246869.4019596768,
    1241869.4019596768,
    1258426.940189495,
    1255557.128125924,
    1254597.2882353866,
    1253266.5345169536,
    1276100.1694011686,
    1287689.0834952611,
    1300523.4525846967,
    1295523.4525846967,
    1290523.4525846967,
    1285523.4525846967,
    1304890.0081771587,
    1320754.3176999635,
    1315754.3176999635,
    1325628.0283325869,
    1320628.0283325869,
    1315628.0283325869,
    1310628.0283325869,
    1345218.6263242937,
    1340218.6263242937,
    1361247.455704301,
    1356247.455704301,
    1354685.4647887633,
    1350486.7980328312,
    1345486.7980328312,
    1340486.7980328312,
    1335486.7980328312,
    1344065.0664195847,
    1348546.999229064,
    1349224.0738740903,
    1344224.0738740903,
    1380585.7437854032,
    1375585.7437854032,
    1370585.7437854032,
    1362954.5542116552,
    1390099.8322889933,
    1392943.896602214,
    1387943.896602214,
    1382943.896602214,
    1377943.896602214,
    1372943.896602214,
    1367943.896602214,
    1362943.896602214,
    1357943.896602214,
    1364402.6221219804,
    1367378.6261317541,
    1365300.8216099578,
    1374175.1441336677,
    1369175.1441336677,
    1364175.1441336677,
    1359175.1441336677,
    1354175.1441336677,
    1349175.1441336677,
    1344175.1441336677,
    1339175.1441336677,
    1334175.1441336677,
    1329175.1441336677,
    1330677.462672515,
    1325677.462672515,
    1320677.462672515,
    1315677.462672515,
    1310677.462672515,
    1340012.0434766773,
    1335012.0434766773,
    1330012.0434766773,
    1373153.145419502,
    1370084.8051126678,
    1365084.8051126678,
    1360084.8051126678,
    1355084.8051126678,
    1350084.8051126678,
    1345084.8051126678,
    1364462.3572515496,
    1359462.3572515496,
    1354462.3572515496,
    1349462.3572515496,
    1360992.6422657825,
    1355992.6422657825,
    1350992.6422657825,
    1361690.9417282445,
    1356690.9417282445,
    1351690.9417282445,
    1346690.9417282445,
    1360481.0142717196,
    1373905.4125059284,
    1374387.968120463,
    1391344.828144225,
    1386344.828144225,
    1381344.828144225,
    1376344.828144225,
