{
  "metrics": {
    "Variant": "0.50% stop, ATR\u00d73.0",
    "Capital_Risked": "5.0%",
    "Trades": 1239,
    "Win_rate_pct": 28.0,
    "Win_Loss_ratio": 3.0,
    "Cum_return_pct": 1466.0,
    "Max_DD_pct": 11.0,
    "Max_consec_losses": 25,
    "Max_consec_wins": 7,
    "Win_rate_30d_pct": 33.0,
    "Trades_30d": 27,
    "PnL_30d": -8158.0,
    "Win_rate_7d_pct": 43.0,
    "Trades_7d": 7,
    "PnL_7d": 813.0,
    "Win_rate_3m_pct": 33.0,
    "Trades_3m": 27,
    "PnL_3m": -8158.0
  },
  "live_position": null,
  "equity_curve": [
    1267249.7123568482,
    1262249.7123568482,
    1257249.7123568482,
    1252249.7123568482,
    1247249.7123568482,
    1242249.7123568482,
    1237249.7123568482,
    1232249.7123568482,
    1227249.7123568482,
    1222249.7123568482,
    1217727.0840896652,
    1222172.200509381,
    1219383.3618295307,
    1214662.2359080177,
    1209662.2359080177,
    1206744.4488492615,
    1197347.936858301,
    1192347.936858301,
    1187347.936858301,
    1182347.936858301,
    1177347.936858301,
    1190921.9228473797,
    1185921.9228473797,
    1188153.8449843745,
    1183153.8449843745,
    1180583.3736350213,
    1194441.4391164072,
    1189441.4391164072,
    1184441.4391164072,
    1195325.6227448464,
    1190325.6227448464,
    1188348.5030008154,
    1197485.8070377314,
    1213321.3709648987,
    1208321.3709648987,
    1203321.3709648987,
    1203223.2355380096,
    1198223.2355380096,
    1193223.2355380096,
    1188223.2355380096,
    1183223.2355380096,
    1178223.2355380096,
    1173223.2355380096,
    1182383.0586586667,
    1177383.0586586667,
    1190355.154670204,
    1185355.154670204,
    1186566.2302048192,
    1208029.2789690797,
    1203029.2789690797,
    1198029.2789690797,
    1203611.2476255335,
    1198611.2476255335,
    1193611.2476255335,
    1188611.2476255335,
    1214472.3729265628,
    1209472.3729265628,
    1228507.1292684095,
    1248709.540680134,
    1240316.1115360924,
    1235316.1115360924,
    1230316.1115360924,
    1225316.1115360924,
    1220316.1115360924,
    1229286.3705703106,
    1224286.3705703106,
    1219286.3705703106,
    1214286.3705703106,
    1209286.3705703106,
    1204286.3705703106,
    1199286.3705703106,
    1194286.3705703106,
    1200787.8906016143,
    1195787.8906016143,
    1206823.3852477605,
    1230323.9980351666,
    1248685.4939236788,
    1243685.4939236788,
    1238685.4939236788,
    1233685.4939236788,
    1245127.7584137195,
    1240127.7584137195,
    1235127.7584137195,
    1230127.7584137195,
    1225127.7584137195,
    1258449.4344964903,
    1253449.4344964903,
    1305469.1830304055,
    1300469.1830304055,
    1295469.1830304055,
    1290469.1830304055,
    1285469.1830304055,
    1283216.0047332821,
    1278216.0047332821,
    1273216.0047332821,
    1268216.0047332821,
    1263216.0047332821,
    1258216.0047332821,
    1260003.9479239173,
    1255003.9479239173,
    1273240.2646914972,
    1268240.2646914972,
    1263240.2646914972,
    1258240.2646914972,
    1253240.2646914972,
    1248240.2646914972,
    1248223.8294872898,
    1249377.879579302,
    1244377.879579302,
    1256096.1930362047,
    1251096.1930362047,
    1246096.1930362047,
    1268544.108827094,
    1263544.108827094,
    1258544.108827094,
    1253544.108827094,
    1256886.4008813978,
    1251886.4008813978,
    1246886.4008813978,
    1241886.4008813978,
    1236886.4008813978,
    1231886.4008813978,
    1226886.4008813978,
    1231537.7346927337,
    1226230.0521392494,
    1225667.731159405,
    1220667.731159405,
    1234176.6152500676,
    1250348.8460967217,
    1245348.8460967217,
    1271020.406634991,
    1266020.406634991,
    1290926.2381082056,
    1285926.2381082056,
    1279659.9361806018,
    1274659.9361806018,
    1269659.9361806018,
    1264659.9361806018,
    1261814.0689772558,
    1256814.0689772558,
    1268533.6320198437,
    1263533.6320198437,
    1276976.6711560634,
    1271976.6711560634,
    1266976.6711560634,
    1261976.6711560634,
    1256976.6711560634,
    1251976.6711560634,
    1247682.3822350036,
    1242682.3822350036,
    1237682.3822350036,
    1232682.3822350036,
    1244550.7011899368,
    1273918.8412077355,
    1268918.8412077355,
    1263918.8412077355,
    1264870.4291701477,
    1259870.4291701477,
    1254870.4291701477,
    1249870.4291701477,
    1254795.136531762,
    1249795.136531762,
    1244795.136531762,
    1256320.62613782,
    1251320.62613782,
    1246320.62613782,
    1241320.62613782,
    1235852.2091857274,
    1253165.0774478936,
    1248165.0774478936,
    1258731.4457378392,
    1253731.4457378392,
    1248731.4457378392,
    1247371.3298761176,
    1242371.3298761176,
    1237371.3298761176,
    1244706.6518967545,
    1239706.6518967545,
    1234706.6518967545,
    1229706.6518967545,
    1231272.262149265,
    1226272.262149265,
    1221272.262149265,
    1216272.262149265,
    1211272.262149265,
    1233299.4643857013,
    1228299.4643857013,
    1223299.4643857013,
    1225092.879988417,
    1220092.879988417,
    1215092.879988417,
    1210092.879988417,
    1221817.1176547257,
    1216817.1176547257,
    1211817.1176547257,
    1206817.1176547257,
    1204099.1603922604,
    1202720.1114097037,
    1197720.1114097037,
    1192720.1114097037,
    1216746.5166669663,
    1211746.5166669663,
    1206746.5166669663,
    1201746.5166669663,
    1191677.8806194349,
    1186677.8806194349,
    1204707.8828706269,
    1199707.8828706269,
    1207415.3327526157,
    1221630.5201740062,
    1239768.345694752,
    1255257.9409726812,
    1262157.7835073953,
    1257157.7835073953,
    1252157.7835073953,
    1248935.532129804,
    1243935.532129804,
    1238935.532129804,
    1233935.532129804,
    1228935.532129804,
    1223935.532129804,
    1218935.532129804,
    1228529.1058921083,
    1223529.1058921083,
    1218529.1058921083,
    1235086.6441219265,
    1232216.8320583554,
    1231256.9921678181,
    1229926.2384493852,
    1252759.8733336001,
    1264348.7874276927,
    1277183.1565171282,
    1272183.1565171282,
    1267183.1565171282,
    1262183.1565171282,
    1281549.7121095902,
    1297414.021632395,
    1292414.021632395,
    1302287.7322650184,
    1297287.7322650184,
    1292287.7322650184,
    1287287.7322650184,
    1321878.3302567252,
    1316878.3302567252,
    1337907.1596367324,
    1332907.1596367324,
    1331345.1687211948,
    1327146.5019652627,
    1322146.5019652627,
    1317146.5019652627,
    1312146.5019652627,
    1320724.7703520162,
    1325206.7031614955,
    1325883.7778065219,
    1320883.7778065219,
    1357245.4477178347,
    1352245.4477178347,
    1347245.4477178347,
    1339614.2581440867,
    1366759.5362214248,
    1369603.6005346456,
    1364603.6005346456,
    1359603.6005346456,
    1354603.6005346456,
    1349603.6005346456,
    1344603.6005346456,
    1339603.6005346456,
    1334603.6005346456,
    1341062.326054412,
    1344038.3300641857,
    1341960.5255423894,
    1350834.8480660992,
    1345834.8480660992,
    1340834.8480660992,
    1335834.8480660992,
    1330834.8480660992,
    1325834.8480660992,
    1320834.8480660992,
    1315834.8480660992,
    1310834.8480660992,
    1305834.8480660992,
    1307337.1666049466,
    1302337.1666049466,
    1297337.1666049466,
    1292337.1666049466,
    1287337.1666049466,
    1316671.7474091088,
    1311671.7474091088,
    1306671.7474091088,
    1349812.8493519335,
    1346744.5090450994,
    1341744.5090450994,
    1336744.5090450994,
    1331744.5090450994,
    1326744.5090450994,
    1321744.5090450994,
    1341122.0611839811,
    1336122.0611839811,
    1331122.0611839811,
    1326122.0611839811,
    1337652.346198214,
    1332652.346198214,
    1327652.346198214,
    1338350.645660676,
    1333350.645660676,
    1328350.645660676,
    1323350.645660676,
    1337140.7182041511,
    1350565.11643836,
    1351047.6720528945,
    1368004.5320766566,
    1363004.5320766566,
    1358004.5320766566,
