{
  "metrics": {
    "Variant": "0.50% stop, ATR\u00d73.0",
    "Capital_Risked": "5.0%",
    "Trades": 1240,
    "Win_rate_pct": 28.0,
    "Win_Loss_ratio": 3.0,
    "Cum_return_pct": 1483.0,
    "Max_DD_pct": 11.0,
    "Max_consec_losses": 25,
    "Max_consec_wins": 7,
    "Win_rate_30d_pct": 31.0,
    "Trades_30d": 26,
    "PnL_30d": 11791.0,
    "Win_rate_7d_pct": 33.0,
    "Trades_7d": 6,
    "PnL_7d": 28858.0,
    "Win_rate_3m_pct": 32.0,
    "Trades_3m": 31,
    "PnL_3m": 22038.0
  },
  "live_position": {
    "variant": "0.50% stop, ATR\u00d73.0",
    "entry_time": "2026-01-31 08:00:00",
    "position": "short",
    "entry_price": 83063.0,
    "stop_price": 83478.0,
    "tp_price": 81686.0
  },
  "equity_curve": [
    1237679.205643043,
    1232679.205643043,
    1227679.205643043,
    1222679.205643043,
    1217679.205643043,
    1212679.205643043,
    1207679.205643043,
    1203156.57737586,
    1207601.6937955758,
    1204812.8551157254,
    1200091.7291942125,
    1195091.7291942125,
    1192173.9421354563,
    1182777.4301444958,
    1177777.4301444958,
    1172777.4301444958,
    1167777.4301444958,
    1162777.4301444958,
    1176351.4161335744,
    1171351.4161335744,
    1173583.3382705692,
    1168583.3382705692,
    1166012.866921216,
    1179870.932402602,
    1174870.932402602,
    1169870.932402602,
    1180755.1160310411,
    1175755.1160310411,
    1184892.4200679571,
    1200727.9839951245,
    1195727.9839951245,
    1190727.9839951245,
    1190629.8485682353,
    1185629.8485682353,
    1180629.8485682353,
    1175629.8485682353,
    1170629.8485682353,
    1165629.8485682353,
    1160629.8485682353,
    1169789.6716888924,
    1164789.6716888924,
    1177761.7677004298,
    1172761.7677004298,
    1173972.843235045,
    1195435.8919993055,
    1190435.8919993055,
    1185435.8919993055,
    1191017.8606557592,
    1186017.8606557592,
    1181017.8606557592,
    1176017.8606557592,
    1201878.9859567885,
    1196878.9859567885,
    1215913.7422986352,
    1236116.1537103597,
    1227722.724566318,
    1222722.724566318,
    1217722.724566318,
    1212722.724566318,
    1207722.724566318,
    1216692.9836005364,
    1211692.9836005364,
    1206692.9836005364,
    1201692.9836005364,
    1196692.9836005364,
    1191692.9836005364,
    1186692.9836005364,
    1181692.9836005364,
    1188194.50363184,
    1183194.50363184,
    1194229.9982779862,
    1217730.6110653924,
    1236092.1069539045,
    1231092.1069539045,
    1226092.1069539045,
    1221092.1069539045,
    1232534.3714439452,
    1227534.3714439452,
    1222534.3714439452,
    1217534.3714439452,
    1212534.3714439452,
    1245856.047526716,
    1240856.047526716,
    1292875.7960606313,
    1287875.7960606313,
    1282875.7960606313,
    1277875.7960606313,
    1272875.7960606313,
    1270622.6177635079,
    1265622.6177635079,
    1260622.6177635079,
    1255622.6177635079,
    1250622.6177635079,
    1245622.6177635079,
    1247410.560954143,
    1242410.560954143,
    1260646.877721723,
    1255646.877721723,
    1250646.877721723,
    1245646.877721723,
    1240646.877721723,
    1235646.877721723,
    1235630.4425175155,
    1236784.4926095277,
    1231784.4926095277,
    1243502.8060664304,
    1238502.8060664304,
    1233502.8060664304,
    1255950.7218573198,
    1250950.7218573198,
    1245950.7218573198,
    1240950.7218573198,
    1244293.0139116235,
    1239293.0139116235,
    1234293.0139116235,
    1229293.0139116235,
    1224293.0139116235,
    1219293.0139116235,
    1214293.0139116235,
    1218944.3477229595,
    1213636.6651694751,
    1213074.3441896308,
    1208074.3441896308,
    1221583.2282802933,
    1237755.4591269474,
    1232755.4591269474,
    1258427.0196652168,
    1253427.0196652168,
    1278332.8511384313,
    1273332.8511384313,
    1267066.5492108276,
    1262066.5492108276,
    1257066.5492108276,
    1252066.5492108276,
    1249220.6820074816,
    1244220.6820074816,
    1255940.2450500694,
    1250940.2450500694,
    1264383.2841862892,
    1259383.2841862892,
    1254383.2841862892,
    1249383.2841862892,
    1244383.2841862892,
    1239383.2841862892,
    1235088.9952652294,
    1230088.9952652294,
    1225088.9952652294,
    1220088.9952652294,
    1231957.3142201626,
    1261325.4542379612,
    1256325.4542379612,
    1251325.4542379612,
    1252277.0422003735,
    1247277.0422003735,
    1242277.0422003735,
    1237277.0422003735,
    1242201.7495619878,
    1237201.7495619878,
    1232201.7495619878,
    1243727.2391680458,
    1238727.2391680458,
    1233727.2391680458,
    1228727.2391680458,
    1223258.8222159531,
    1240571.6904781193,
    1235571.6904781193,
    1246138.058768065,
    1241138.058768065,
    1236138.058768065,
    1234777.9429063434,
    1229777.9429063434,
    1224777.9429063434,
    1232113.2649269802,
    1227113.2649269802,
    1222113.2649269802,
    1217113.2649269802,
    1218678.8751794908,
    1213678.8751794908,
    1208678.8751794908,
    1203678.8751794908,
    1198678.8751794908,
    1220706.077415927,
    1215706.077415927,
    1210706.077415927,
    1212499.4930186428,
    1207499.4930186428,
    1202499.4930186428,
    1197499.4930186428,
    1209223.7306849514,
    1204223.7306849514,
    1199223.7306849514,
    1194223.7306849514,
    1191505.7734224861,
    1190126.7244399295,
    1185126.7244399295,
    1180126.7244399295,
    1204153.129697192,
    1199153.129697192,
    1194153.129697192,
    1189153.129697192,
    1179084.4936496606,
    1174084.4936496606,
    1192114.4959008526,
    1187114.4959008526,
    1194821.9457828414,
    1209037.133204232,
    1227174.9587249777,
    1242664.554002907,
    1249564.396537621,
    1244564.396537621,
    1239564.396537621,
    1236342.1451600296,
    1231342.1451600296,
    1226342.1451600296,
    1221342.1451600296,
    1216342.1451600296,
    1211342.1451600296,
    1206342.1451600296,
    1215935.718922334,
    1210935.718922334,
    1205935.718922334,
    1222493.2571521522,
    1219623.4450885812,
    1218663.6051980439,
    1217332.851479611,
    1240166.4863638259,
    1251755.4004579184,
    1264589.769547354,
    1259589.769547354,
    1254589.769547354,
    1249589.769547354,
    1268956.325139816,
    1284820.6346626207,
    1279820.6346626207,
    1289694.3452952441,
    1284694.3452952441,
    1279694.3452952441,
    1274694.3452952441,
    1309284.943286951,
    1304284.943286951,
    1325313.7726669582,
    1320313.7726669582,
    1318751.7817514206,
    1314553.1149954884,
    1309553.1149954884,
    1304553.1149954884,
    1299553.1149954884,
    1308131.383382242,
    1312613.3161917212,
    1313290.3908367476,
    1308290.3908367476,
    1344652.0607480605,
    1339652.0607480605,
    1334652.0607480605,
    1327020.8711743124,
    1354166.1492516506,
    1357010.2135648713,
    1352010.2135648713,
    1347010.2135648713,
    1342010.2135648713,
    1337010.2135648713,
    1332010.2135648713,
    1327010.2135648713,
    1322010.2135648713,
    1328468.9390846377,
    1331444.9430944114,
    1329367.138572615,
    1338241.461096325,
    1333241.461096325,
    1328241.461096325,
    1323241.461096325,
    1318241.461096325,
    1313241.461096325,
    1308241.461096325,
    1303241.461096325,
    1298241.461096325,
    1293241.461096325,
    1294743.7796351723,
    1289743.7796351723,
    1284743.7796351723,
    1279743.7796351723,
    1274743.7796351723,
    1304078.3604393345,
    1299078.3604393345,
    1294078.3604393345,
    1337219.4623821592,
    1334151.122075325,
    1329151.122075325,
    1324151.122075325,
    1319151.122075325,
    1314151.122075325,
    1309151.122075325,
    1328528.6742142069,
    1323528.6742142069,
    1318528.6742142069,
    1313528.6742142069,
    1325058.9592284397,
    1320058.9592284397,
    1315058.9592284397,
    1325757.2586909018,
    1320757.2586909018,
    1315757.2586909018,
    1310757.2586909018,
    1324547.3312343769,
    1337971.7294685857,
    1338454.2850831202,
