{
  "metrics": {
    "Variant": "0.50% stop, ATR\u00d73.0",
    "Capital_Risked": "5.0%",
    "Trades": 1240,
    "Win_rate_pct": 28.0,
    "Win_Loss_ratio": 3.0,
    "Cum_return_pct": 1493.0,
    "Max_DD_pct": 11.0,
    "Max_consec_losses": 25,
    "Max_consec_wins": 7,
    "Win_rate_30d_pct": 32.0,
    "Trades_30d": 25,
    "PnL_30d": -6819.0,
    "Win_rate_7d_pct": 33.0,
    "Trades_7d": 6,
    "PnL_7d": -2848.0,
    "Win_rate_3m_pct": 32.0,
    "Trades_3m": 25,
    "PnL_3m": -6819.0
  },
  "live_position": null,
  "equity_curve": [
    1302747.5214272318,
    1297747.5214272318,
    1292747.5214272318,
    1287747.5214272318,
    1282747.5214272318,
    1277747.5214272318,
    1272747.5214272318,
    1267747.5214272318,
    1262747.5214272318,
    1257747.5214272318,
    1252747.5214272318,
    1247747.5214272318,
    1243224.8931600489,
    1247670.0095797647,
    1244881.1708999143,
    1240160.0449784014,
    1235160.0449784014,
    1232242.2579196452,
    1222845.7459286847,
    1217845.7459286847,
    1212845.7459286847,
    1207845.7459286847,
    1202845.7459286847,
    1216419.7319177634,
    1211419.7319177634,
    1213651.6540547581,
    1208651.6540547581,
    1206081.182705405,
    1219939.2481867909,
    1214939.2481867909,
    1209939.2481867909,
    1220823.43181523,
    1215823.43181523,
    1213846.312071199,
    1222983.616108115,
    1238819.1800352824,
    1233819.1800352824,
    1228819.1800352824,
    1228721.0446083932,
    1223721.0446083932,
    1218721.0446083932,
    1213721.0446083932,
    1208721.0446083932,
    1203721.0446083932,
    1198721.0446083932,
    1207880.8677290503,
    1202880.8677290503,
    1215852.9637405877,
    1210852.9637405877,
    1212064.039275203,
    1233527.0880394634,
    1228527.0880394634,
    1223527.0880394634,
    1229109.0566959172,
    1224109.0566959172,
    1219109.0566959172,
    1214109.0566959172,
    1239970.1819969465,
    1234970.1819969465,
    1254004.938338793,
    1274207.3497505176,
    1265813.920606476,
    1260813.920606476,
    1255813.920606476,
    1250813.920606476,
    1245813.920606476,
    1254784.1796406943,
    1249784.1796406943,
    1244784.1796406943,
    1239784.1796406943,
    1234784.1796406943,
    1229784.1796406943,
    1224784.1796406943,
    1219784.1796406943,
    1226285.699671998,
    1221285.699671998,
    1232321.1943181441,
    1255821.8071055503,
    1274183.3029940624,
    1269183.3029940624,
    1264183.3029940624,
    1259183.3029940624,
    1270625.5674841031,
    1265625.5674841031,
    1260625.5674841031,
    1255625.5674841031,
    1250625.5674841031,
    1283947.243566874,
    1278947.243566874,
    1330966.9921007892,
    1325966.9921007892,
    1320966.9921007892,
    1315966.9921007892,
    1310966.9921007892,
    1308713.8138036658,
    1303713.8138036658,
    1298713.8138036658,
    1293713.8138036658,
    1288713.8138036658,
    1283713.8138036658,
    1285501.756994301,
    1280501.756994301,
    1298738.0737618809,
    1293738.0737618809,
    1288738.0737618809,
    1283738.0737618809,
    1278738.0737618809,
    1273738.0737618809,
    1273721.6385576734,
    1274875.6886496856,
    1269875.6886496856,
    1281594.0021065883,
    1276594.0021065883,
    1271594.0021065883,
    1294041.9178974777,
    1289041.9178974777,
    1284041.9178974777,
    1279041.9178974777,
    1282384.2099517814,
    1277384.2099517814,
    1272384.2099517814,
    1267384.2099517814,
    1262384.2099517814,
    1257384.2099517814,
    1252384.2099517814,
    1257035.5437631174,
    1251727.861209633,
    1251165.5402297887,
    1246165.5402297887,
    1259674.4243204512,
    1275846.6551671054,
    1270846.6551671054,
    1296518.2157053747,
    1291518.2157053747,
    1316424.0471785893,
    1311424.0471785893,
    1305157.7452509855,
    1300157.7452509855,
    1295157.7452509855,
    1290157.7452509855,
    1287311.8780476395,
    1282311.8780476395,
    1294031.4410902273,
    1289031.4410902273,
    1302474.480226447,
    1297474.480226447,
    1292474.480226447,
    1287474.480226447,
    1282474.480226447,
    1277474.480226447,
    1273180.1913053873,
    1268180.1913053873,
    1263180.1913053873,
    1258180.1913053873,
    1270048.5102603205,
    1299416.6502781191,
    1294416.6502781191,
    1289416.6502781191,
    1290368.2382405314,
    1285368.2382405314,
    1280368.2382405314,
    1275368.2382405314,
    1280292.9456021457,
    1275292.9456021457,
    1270292.9456021457,
    1281818.4352082037,
    1276818.4352082037,
    1271818.4352082037,
    1266818.4352082037,
    1261350.018256111,
    1278662.8865182772,
    1273662.8865182772,
    1284229.2548082229,
    1279229.2548082229,
    1274229.2548082229,
    1272869.1389465013,
    1267869.1389465013,
    1262869.1389465013,
    1270204.4609671382,
    1265204.4609671382,
    1260204.4609671382,
    1255204.4609671382,
    1256770.0712196487,
    1251770.0712196487,
    1246770.0712196487,
    1241770.0712196487,
    1236770.0712196487,
    1258797.273456085,
    1253797.273456085,
    1248797.273456085,
    1250590.6890588007,
    1245590.6890588007,
    1240590.6890588007,
    1235590.6890588007,
    1247314.9267251093,
    1242314.9267251093,
    1237314.9267251093,
    1232314.9267251093,
    1229596.969462644,
    1228217.9204800874,
    1223217.9204800874,
    1218217.9204800874,
    1242244.32573735,
    1237244.32573735,
    1232244.32573735,
    1227244.32573735,
    1217175.6896898185,
    1212175.6896898185,
    1230205.6919410105,
    1225205.6919410105,
    1232913.1418229993,
    1247128.32924439,
    1265266.1547651356,
    1280755.7500430648,
    1287655.592577779,
    1282655.592577779,
    1277655.592577779,
    1274433.3412001876,
    1269433.3412001876,
    1264433.3412001876,
    1259433.3412001876,
    1254433.3412001876,
    1249433.3412001876,
    1244433.3412001876,
    1254026.914962492,
    1249026.914962492,
    1244026.914962492,
    1260584.4531923102,
    1257714.641128739,
    1256754.8012382018,
    1255424.0475197688,
    1278257.6824039838,
    1289846.5964980763,
    1302680.965587512,
    1297680.965587512,
    1292680.965587512,
    1287680.965587512,
    1307047.5211799738,
    1322911.8307027787,
    1317911.8307027787,
    1327785.541335402,
    1322785.541335402,
    1317785.541335402,
    1312785.541335402,
    1347376.1393271089,
    1342376.1393271089,
    1363404.968707116,
    1358404.968707116,
    1356842.9777915785,
    1352644.3110356464,
    1347644.3110356464,
    1342644.3110356464,
    1337644.3110356464,
    1346222.5794223999,
    1350704.5122318792,
    1351381.5868769055,
    1346381.5868769055,
    1382743.2567882184,
    1377743.2567882184,
    1372743.2567882184,
    1365112.0672144704,
    1392257.3452918085,
    1395101.4096050293,
    1390101.4096050293,
    1385101.4096050293,
    1380101.4096050293,
    1375101.4096050293,
    1370101.4096050293,
    1365101.4096050293,
    1360101.4096050293,
    1366560.1351247956,
    1369536.1391345693,
    1367458.334612773,
    1376332.657136483,
    1371332.657136483,
    1366332.657136483,
    1361332.657136483,
    1356332.657136483,
    1351332.657136483,
    1346332.657136483,
    1341332.657136483,
    1336332.657136483,
    1331332.657136483,
    1332834.9756753303,
    1327834.9756753303,
    1322834.9756753303,
    1317834.9756753303,
    1312834.9756753303,
    1342169.5564794925,
    1337169.5564794925,
    1332169.5564794925,
    1375310.6584223171,
    1372242.318115483,
    1367242.318115483,
    1362242.318115483,
    1357242.318115483,
    1352242.318115483,
    1347242.318115483,
    1366619.8702543648,
    1361619.8702543648,
    1356619.8702543648,
    1351619.8702543648,
    1363150.1552685976,
    1358150.1552685976,
    1353150.1552685976,
    1363848.4547310597,
    1358848.4547310597,
    1353848.4547310597,
    1348848.4547310597,
    1362638.5272745348,
    1376062.9255087436,
    1376545.4811232782,
    1393502.3411470402,
