{
  "metrics": {
    "Variant": "0.50% stop, ATR\u00d73.0",
    "Capital_Risked": "5.0%",
    "Trades": 1240,
    "Win_rate_pct": 28.0,
    "Win_Loss_ratio": 3.0,
    "Cum_return_pct": 1486.0,
    "Max_DD_pct": 11.0,
    "Max_consec_losses": 25,
    "Max_consec_wins": 7,
    "Win_rate_30d_pct": 32.0,
    "Trades_30d": 25,
    "PnL_30d": 16791.0,
    "Win_rate_7d_pct": 40.0,
    "Trades_7d": 5,
    "PnL_7d": 33858.0,
    "Win_rate_3m_pct": 33.0,
    "Trades_3m": 30,
    "PnL_3m": 27038.0
  },
  "live_position": null,
  "equity_curve": [
    1237679.205643043,
    1232679.205643043,
    1227679.205643043,
    1222679.205643043,
    1217679.205643043,
    1212679.205643043,
    1207679.205643043,
    1203156.57737586,
    1207601.6937955758,
    1204812.8551157254,
    1200091.7291942125,
    1195091.7291942125,
    1192173.9421354563,
    1182777.4301444958,
    1177777.4301444958,
    1172777.4301444958,
    1167777.4301444958,
    1162777.4301444958,
    1176351.4161335744,
    1171351.4161335744,
    1173583.3382705692,
    1168583.3382705692,
    1166012.866921216,
    1179870.932402602,
    1174870.932402602,
    1169870.932402602,
    1180755.1160310411,
    1175755.1160310411,
    1173777.9962870101,
    1182915.3003239261,
    1198750.8642510935,
    1193750.8642510935,
    1188750.8642510935,
    1188652.7288242043,
    1183652.7288242043,
    1178652.7288242043,
    1173652.7288242043,
    1168652.7288242043,
    1163652.7288242043,
    1158652.7288242043,
    1167812.5519448614,
    1162812.5519448614,
    1175784.6479563988,
    1170784.6479563988,
    1171995.723491014,
    1193458.7722552745,
    1188458.7722552745,
    1183458.7722552745,
    1189040.7409117282,
    1184040.7409117282,
    1179040.7409117282,
    1174040.7409117282,
    1199901.8662127575,
    1194901.8662127575,
    1213936.6225546042,
    1234139.0339663287,
    1225745.604822287,
    1220745.604822287,
    1215745.604822287,
    1210745.604822287,
    1205745.604822287,
    1214715.8638565054,
    1209715.8638565054,
    1204715.8638565054,
    1199715.8638565054,
    1194715.8638565054,
    1189715.8638565054,
    1184715.8638565054,
    1179715.8638565054,
    1186217.383887809,
    1181217.383887809,
    1192252.8785339552,
    1215753.4913213614,
    1234114.9872098735,
    1229114.9872098735,
    1224114.9872098735,
    1219114.9872098735,
    1230557.2516999142,
    1225557.2516999142,
    1220557.2516999142,
    1215557.2516999142,
    1210557.2516999142,
    1243878.927782685,
    1238878.927782685,
    1290898.6763166003,
    1285898.6763166003,
    1280898.6763166003,
    1275898.6763166003,
    1270898.6763166003,
    1268645.498019477,
    1263645.498019477,
    1258645.498019477,
    1253645.498019477,
    1248645.498019477,
    1243645.498019477,
    1245433.441210112,
    1240433.441210112,
    1258669.757977692,
    1253669.757977692,
    1248669.757977692,
    1243669.757977692,
    1238669.757977692,
    1233669.757977692,
    1233653.3227734845,
    1234807.3728654967,
    1229807.3728654967,
    1241525.6863223994,
    1236525.6863223994,
    1231525.6863223994,
    1253973.6021132888,
    1248973.6021132888,
    1243973.6021132888,
    1238973.6021132888,
    1242315.8941675925,
    1237315.8941675925,
    1232315.8941675925,
    1227315.8941675925,
    1222315.8941675925,
    1217315.8941675925,
    1212315.8941675925,
    1216967.2279789285,
    1211659.5454254441,
    1211097.2244455998,
    1206097.2244455998,
    1219606.1085362623,
    1235778.3393829165,
    1230778.3393829165,
    1256449.8999211858,
    1251449.8999211858,
    1276355.7313944004,
    1271355.7313944004,
    1265089.4294667966,
    1260089.4294667966,
    1255089.4294667966,
    1250089.4294667966,
    1247243.5622634506,
    1242243.5622634506,
    1253963.1253060384,
    1248963.1253060384,
    1262406.1644422582,
    1257406.1644422582,
    1252406.1644422582,
    1247406.1644422582,
    1242406.1644422582,
    1237406.1644422582,
    1233111.8755211984,
    1228111.8755211984,
    1223111.8755211984,
    1218111.8755211984,
    1229980.1944761316,
    1259348.3344939302,
    1254348.3344939302,
    1249348.3344939302,
    1250299.9224563425,
    1245299.9224563425,
    1240299.9224563425,
    1235299.9224563425,
    1240224.6298179568,
    1235224.6298179568,
    1230224.6298179568,
    1241750.1194240148,
    1236750.1194240148,
    1231750.1194240148,
    1226750.1194240148,
    1221281.7024719222,
    1238594.5707340883,
    1233594.5707340883,
    1244160.939024034,
    1239160.939024034,
    1234160.939024034,
    1232800.8231623124,
    1227800.8231623124,
    1222800.8231623124,
    1230136.1451829493,
    1225136.1451829493,
    1220136.1451829493,
    1215136.1451829493,
    1216701.7554354598,
    1211701.7554354598,
    1206701.7554354598,
    1201701.7554354598,
    1196701.7554354598,
    1218728.957671896,
    1213728.957671896,
    1208728.957671896,
    1210522.3732746118,
    1205522.3732746118,
    1200522.3732746118,
    1195522.3732746118,
    1207246.6109409204,
    1202246.6109409204,
    1197246.6109409204,
    1192246.6109409204,
    1189528.6536784552,
    1188149.6046958985,
    1183149.6046958985,
    1178149.6046958985,
    1202176.009953161,
    1197176.009953161,
    1192176.009953161,
    1187176.009953161,
    1177107.3739056296,
    1172107.3739056296,
    1190137.3761568216,
    1185137.3761568216,
    1192844.8260388104,
    1207060.013460201,
    1225197.8389809467,
    1240687.434258876,
    1247587.27679359,
    1242587.27679359,
    1237587.27679359,
    1234365.0254159987,
    1229365.0254159987,
    1224365.0254159987,
    1219365.0254159987,
    1214365.0254159987,
    1209365.0254159987,
    1204365.0254159987,
    1213958.599178303,
    1208958.599178303,
    1203958.599178303,
    1220516.1374081213,
    1217646.3253445502,
    1216686.4854540129,
    1215355.73173558,
    1238189.3666197949,
    1249778.2807138874,
    1262612.649803323,
    1257612.649803323,
    1252612.649803323,
    1247612.649803323,
    1266979.205395785,
    1282843.5149185897,
    1277843.5149185897,
    1287717.2255512131,
    1282717.2255512131,
    1277717.2255512131,
    1272717.2255512131,
    1307307.82354292,
    1302307.82354292,
    1323336.6529229272,
    1318336.6529229272,
    1316774.6620073896,
    1312575.9952514574,
    1307575.9952514574,
    1302575.9952514574,
    1297575.9952514574,
    1306154.263638211,
    1310636.1964476903,
    1311313.2710927166,
    1306313.2710927166,
    1342674.9410040295,
    1337674.9410040295,
    1332674.9410040295,
    1325043.7514302814,
    1352189.0295076196,
    1355033.0938208404,
    1350033.0938208404,
    1345033.0938208404,
    1340033.0938208404,
    1335033.0938208404,
    1330033.0938208404,
    1325033.0938208404,
    1320033.0938208404,
    1326491.8193406067,
    1329467.8233503804,
    1327390.018828584,
    1336264.341352294,
    1331264.341352294,
    1326264.341352294,
    1321264.341352294,
    1316264.341352294,
    1311264.341352294,
    1306264.341352294,
    1301264.341352294,
    1296264.341352294,
    1291264.341352294,
    1292766.6598911413,
    1287766.6598911413,
    1282766.6598911413,
    1277766.6598911413,
    1272766.6598911413,
    1302101.2406953035,
    1297101.2406953035,
    1292101.2406953035,
    1335242.3426381282,
    1332174.0023312941,
    1327174.0023312941,
    1322174.0023312941,
    1317174.0023312941,
    1312174.0023312941,
    1307174.0023312941,
    1326551.5544701759,
    1321551.5544701759,
    1316551.5544701759,
    1311551.5544701759,
    1323081.8394844087,
    1318081.8394844087,
    1313081.8394844087,
    1323780.1389468708,
    1318780.1389468708,
    1313780.1389468708,
    1308780.1389468708,
    1322570.211490346,
    1335994.6097245547,
    1336477.1653390892,
    1353434.0253628513,
    1348434.0253628513,
    1343434.0253628513,
    1338434.0253628513,
    1333434.0253628513,
    1348976.0629476989,
    1364775.0557840706,
