{
  "metrics": {
    "Variant": "0.50% stop, ATR\u00d73.0",
    "Capital_Risked": "5.0%",
    "Trades": 1238,
    "Win_rate_pct": 28.0,
    "Win_Loss_ratio": 3.0,
    "Cum_return_pct": 1461.0,
    "Max_DD_pct": 11.0,
    "Max_consec_losses": 25,
    "Max_consec_wins": 7,
    "Win_rate_30d_pct": 33.0,
    "Trades_30d": 27,
    "PnL_30d": -8158.0,
    "Win_rate_7d_pct": 43.0,
    "Trades_7d": 7,
    "PnL_7d": 813.0,
    "Win_rate_3m_pct": 33.0,
    "Trades_3m": 27,
    "PnL_3m": -8158.0
  },
  "live_position": null,
  "equity_curve": [
    1262836.6980762242,
    1257836.6980762242,
    1252836.6980762242,
    1247836.6980762242,
    1242836.6980762242,
    1237836.6980762242,
    1232836.6980762242,
    1227836.6980762242,
    1222836.6980762242,
    1217836.6980762242,
    1213314.0698090412,
    1217759.186228757,
    1214970.3475489067,
    1210249.2216273937,
    1205249.2216273937,
    1202331.4345686375,
    1192934.922577677,
    1187934.922577677,
    1182934.922577677,
    1177934.922577677,
    1172934.922577677,
    1186508.9085667557,
    1181508.9085667557,
    1183740.8307037505,
    1178740.8307037505,
    1176170.3593543973,
    1190028.4248357832,
    1185028.4248357832,
    1180028.4248357832,
    1190912.6084642224,
    1185912.6084642224,
    1183935.4887201914,
    1193072.7927571074,
    1208908.3566842747,
    1203908.3566842747,
    1198908.3566842747,
    1198810.2212573856,
    1193810.2212573856,
    1188810.2212573856,
    1183810.2212573856,
    1178810.2212573856,
    1173810.2212573856,
    1168810.2212573856,
    1177970.0443780427,
    1172970.0443780427,
    1185942.14038958,
    1180942.14038958,
    1182153.2159241952,
    1203616.2646884557,
    1198616.2646884557,
    1193616.2646884557,
    1199198.2333449095,
    1194198.2333449095,
    1189198.2333449095,
    1184198.2333449095,
    1210059.3586459388,
    1205059.3586459388,
    1224094.1149877855,
    1244296.52639951,
    1235903.0972554684,
    1230903.0972554684,
    1225903.0972554684,
    1220903.0972554684,
    1215903.0972554684,
    1224873.3562896866,
    1219873.3562896866,
    1214873.3562896866,
    1209873.3562896866,
    1204873.3562896866,
    1199873.3562896866,
    1194873.3562896866,
    1189873.3562896866,
    1196374.8763209903,
    1191374.8763209903,
    1202410.3709671365,
    1225910.9837545427,
    1244272.4796430548,
    1239272.4796430548,
    1234272.4796430548,
    1229272.4796430548,
    1240714.7441330955,
    1235714.7441330955,
    1230714.7441330955,
    1225714.7441330955,
    1220714.7441330955,
    1254036.4202158663,
    1249036.4202158663,
    1301056.1687497816,
    1296056.1687497816,
    1291056.1687497816,
    1286056.1687497816,
    1281056.1687497816,
    1278802.9904526582,
    1273802.9904526582,
    1268802.9904526582,
    1263802.9904526582,
    1258802.9904526582,
    1253802.9904526582,
    1255590.9336432933,
    1250590.9336432933,
    1268827.2504108732,
    1263827.2504108732,
    1258827.2504108732,
    1253827.2504108732,
    1248827.2504108732,
    1243827.2504108732,
    1243810.8152066658,
    1244964.865298678,
    1239964.865298678,
    1251683.1787555807,
    1246683.1787555807,
    1241683.1787555807,
    1264131.09454647,
    1259131.09454647,
    1254131.09454647,
    1249131.09454647,
    1252473.3866007738,
    1247473.3866007738,
    1242473.3866007738,
    1237473.3866007738,
    1232473.3866007738,
    1227473.3866007738,
    1222473.3866007738,
    1227124.7204121097,
    1221817.0378586254,
    1221254.716878781,
    1216254.716878781,
    1229763.6009694436,
    1245935.8318160977,
    1240935.8318160977,
    1266607.392354367,
    1261607.392354367,
    1286513.2238275816,
    1281513.2238275816,
    1275246.9218999778,
    1270246.9218999778,
    1265246.9218999778,
    1260246.9218999778,
    1257401.0546966319,
    1252401.0546966319,
    1264120.6177392197,
    1259120.6177392197,
    1272563.6568754395,
    1267563.6568754395,
    1262563.6568754395,
    1257563.6568754395,
    1252563.6568754395,
    1247563.6568754395,
    1243269.3679543796,
    1238269.3679543796,
    1233269.3679543796,
    1228269.3679543796,
    1240137.6869093128,
    1269505.8269271115,
    1264505.8269271115,
    1259505.8269271115,
    1260457.4148895238,
    1255457.4148895238,
    1250457.4148895238,
    1245457.4148895238,
    1250382.122251138,
    1245382.122251138,
    1240382.122251138,
    1251907.611857196,
    1246907.611857196,
    1241907.611857196,
    1236907.611857196,
    1231439.1949051034,
    1248752.0631672696,
    1243752.0631672696,
    1254318.4314572152,
    1249318.4314572152,
    1244318.4314572152,
    1242958.3155954937,
    1237958.3155954937,
    1232958.3155954937,
    1240293.6376161305,
    1235293.6376161305,
    1230293.6376161305,
    1225293.6376161305,
    1226859.247868641,
    1221859.247868641,
    1216859.247868641,
    1211859.247868641,
    1206859.247868641,
    1228886.4501050774,
    1223886.4501050774,
    1218886.4501050774,
    1220679.865707793,
    1215679.865707793,
    1210679.865707793,
    1205679.865707793,
    1217404.1033741017,
    1212404.1033741017,
    1207404.1033741017,
    1202404.1033741017,
    1199686.1461116364,
    1198307.0971290797,
    1193307.0971290797,
    1188307.0971290797,
    1212333.5023863423,
    1207333.5023863423,
    1202333.5023863423,
    1197333.5023863423,
    1187264.8663388109,
    1182264.8663388109,
    1200294.8685900029,
    1195294.8685900029,
    1203002.3184719917,
    1217217.5058933822,
    1235355.331414128,
    1250844.9266920572,
    1257744.7692267713,
    1252744.7692267713,
    1247744.7692267713,
    1244522.51784918,
    1239522.51784918,
    1234522.51784918,
    1229522.51784918,
    1224522.51784918,
    1219522.51784918,
    1214522.51784918,
    1224116.0916114843,
    1219116.0916114843,
    1214116.0916114843,
    1230673.6298413025,
    1227803.8177777315,
    1226843.9778871941,
    1225513.2241687612,
    1248346.8590529761,
    1259935.7731470687,
    1272770.1422365042,
    1267770.1422365042,
    1262770.1422365042,
    1257770.1422365042,
    1277136.6978289662,
    1293001.007351771,
    1288001.007351771,
    1297874.7179843944,
    1292874.7179843944,
    1287874.7179843944,
    1282874.7179843944,
    1317465.3159761012,
    1312465.3159761012,
    1333494.1453561084,
    1328494.1453561084,
    1326932.1544405709,
    1322733.4876846387,
    1317733.4876846387,
    1312733.4876846387,
    1307733.4876846387,
    1316311.7560713922,
    1320793.6888808715,
    1321470.7635258979,
    1316470.7635258979,
    1352832.4334372107,
    1347832.4334372107,
    1342832.4334372107,
    1335201.2438634627,
    1362346.5219408008,
    1365190.5862540216,
    1360190.5862540216,
    1355190.5862540216,
    1350190.5862540216,
    1345190.5862540216,
    1340190.5862540216,
    1335190.5862540216,
    1330190.5862540216,
    1336649.311773788,
    1339625.3157835617,
    1337547.5112617654,
    1346421.8337854752,
    1341421.8337854752,
    1336421.8337854752,
    1331421.8337854752,
    1326421.8337854752,
    1321421.8337854752,
    1316421.8337854752,
    1311421.8337854752,
    1306421.8337854752,
    1301421.8337854752,
    1302924.1523243226,
    1297924.1523243226,
    1292924.1523243226,
    1287924.1523243226,
    1282924.1523243226,
    1312258.7331284848,
    1307258.7331284848,
    1302258.7331284848,
    1345399.8350713095,
    1342331.4947644754,
    1337331.4947644754,
    1332331.4947644754,
    1327331.4947644754,
    1322331.4947644754,
    1317331.4947644754,
    1336709.0469033571,
    1331709.0469033571,
    1326709.0469033571,
    1321709.0469033571,
    1333239.33191759,
    1328239.33191759,
    1323239.33191759,
    1333937.631380052,
    1328937.631380052,
    1323937.631380052,
    1318937.631380052,
    1332727.7039235272,
    1346152.102157736,
    1346634.6577722705,
    1363591.5177960326,
    1358591.5177960326,
    1353591.5177960326,
